<?xml version="1.0" encoding="UTF-8"?>
<beans:beans xmlns="http://www.springframework.org/schema/mvc"
	xmlns:xsi="http://www.w3.org/2001/XMLSchema-instance"
	xmlns:beans="http://www.springframework.org/schema/beans"
	xmlns:context="http://www.springframework.org/schema/context"
	xsi:schemaLocation="http://www.springframework.org/schema/mvc https://www.springframework.org/schema/mvc/spring-mvc.xsd
		http://www.springframework.org/schema/beans https://www.springframework.org/schema/beans/spring-beans.xsd
		http://www.springframework.org/schema/context https://www.springframework.org/schema/context/spring-context.xsd">

	<!-- DispatcherServlet Context: defines this servlet's request-processing infrastructure -->
	
	<!-- Enables the Spring MVC @Controller programming model -->
	<annotation-driven />

	<!-- Handles HTTP GET requests for /resources/** by efficiently serving up static resources in the ${webappRoot}/resources directory -->
	<resources mapping="/resources/**" location="/resources/" />

	<!-- Resolves views selected for rendering by @Controllers to .jsp resources in the /WEB-INF/views directory -->
	<beans:bean class="org.springframework.web.servlet.view.InternalResourceViewResolver">
	 
		<beans:property name="prefix" value="/WEB-INF/views/" />
		 
		<beans:property name="suffix" value=".jsp" />
		
	</beans:bean>
	
	<context:component-scan base-package="org.zerock.controller" />	
	
	<context:component-scan base-package="org.zerock.exception" />
	
	<context:component-scan base-package="com.spring.*" />
	<!-- 멀티파트 리졸버 -->
	<!-- 스프링의 CommonsMultipartResolver 클래스를 이용하면 여러 개의 파일을
                 한꺼번에 업로드할 수 있습니다. -->
    <!-- servlet-context.xml 파일에서 CommonsMultipartResolver 클래스를
         multipartResolver 빈으로 설정합니다. -->
    
    <beans:bean id="multipartResolver"  class="org.springframework.web.multipart.commons.CommonsMultipartResolver">
       <!-- CommonsMultipartResolver 클래스의
        maxUploadSize 속성은 최대로 업로드가 가능한 파일의 크기를 설정합니다. -->
       <beans:property name="maxUploadSize" value="52428800" />
       <!-- maxInMemorySize 속성은 디스크에 임시 파일을 생성하기 전
              메모리에 보관할 수 있는 최대 바이트 크기를 설정합니다. -->
       <beans:property name="maxInMemorySize" value="1000000" />
       <!-- defaultEncoding 속성은 전달되는 매개변수의 인코딩을 설정합니다. -->
       <beans:property name="defaultEncoding" value="utf-8" />
    </beans:bean>
	
</beans:beans>
