<?xml version="1.0" encoding="UTF-8"?>
<!DOCTYPE mapper PUBLIC "-//mybatis.org//DTD Mapper 3.0//EN"
"http://mybatis.org/dtd/mybatis-3-mapper.dtd">

<!-- 3. BoardMapper.java에 맞게 xml 작성 -->
<mapper namespace="org.llhbum.mapper.TipBoardMapper">

<sql id ="criteria">
	<trim prefix = "(" suffix = ") AND">
		<foreach collection="typeArr" item="type" separator="OR">
			<if test ="type == 'T'.toString()">
				title like '%' || #{keyword} || '%'
			</if>	
			<if test ="type == 'C'.toString()">
				content like '%' || #{keyword} || '%'
			</if>
			<if test ="type == 'W'.toString()">
				writer like '%' || #{keyword} || '%'
			</if>			
		</foreach>
	</trim>
</sql>

	<select id="getList" resultType="org.llhbum.domain.TipBoardVO">
		select * from tip_board ORDER by bno desc
	</select>
	
	<insert id="insertSelectKey">
		<selectKey keyProperty="bno" order="BEFORE" resultType="long">
		select tip_board_seq.nextval from dual
		</selectKey>
		insert into tip_board(bno,title,content,writer, regdate, updatedate, hit)
		VALUES (#{bno},#{title},#{content},#{writer}, sysdate, sysdate, 0)
	</insert>
	
	<insert id="insert">
		insert into tip_board(bno,title,content,writer)
		VALUES (tip_board_seq.nextval, #{title},#{content},#{writer})
	</insert>
	
	<select id="read" resultType="org.llhbum.domain.TipBoardVO">
		select * from tip_board where bno = #{bno}
	</select>
	
	<delete id="delete">
		delete from tip_board where bno = #{bno}
	</delete>
	
	<update id="update">
		update tip_board 
		set title = #{title},
		content = #{content},
		writer = #{writer},
		updatedate = sysdate
		where bno = #{bno}
	</update>
	
	<update id="boardHit" parameterType="Long">
		update tip_board set 
		HIT = HIT + 1
		where bno = #{bno}
	</update>
	
	
	<select id="getListWithPaging" resultType="org.llhbum.domain.TipBoardVO">
		<![CDATA[
			select *
			from
				(
				select /*+INDEX_DESC(tip_board tip_board_pk) */ 
					rownum rn, bno, title, writer, regdate, updatedate, hit, replycnt
				from 
					tip_board 
				where 
		]]>
			<include refid ="criteria"></include>
		<![CDATA[
					rownum <= #{pageNum} * #{amount}
				)
			where rn > (#{pageNum}-1) * #{amount}
		]]>
	</select>
	
	<select id="getTotalCount" resultType="int">
		select count(bno) from tip_board where
		<include refid ="criteria"></include>
		 bno > 0
	</select>
	
	
	<select id="searchTest" resultType="org.llhbum.domain.TipBoardVO">
	<![CDATA[
		select * from tip_board
		where
	]]>
	
	<trim suffix="and">
		<foreach collection="map" index="key" item='val' separator="OR" open="(" close=")">
			<if test="key == 'T'.toString()">
				title like #{val}
			</if>
			<if test="key == 'C'.toString()">
				title like #{val}
			</if>
			<if test="key == 'W'.toString()">
				title like #{val}
			</if>
		</foreach>
	</trim>
	<![CDATA[
		rownum < 10
	]]>
	</select>
	
	<update id="updateReplyCnt">
		update tip_board set replycnt = replycnt + #{amount} where bno = #{bno}
	</update>
	
</mapper>