<?xml version="1.0" encoding="UTF-8"?>
<!DOCTYPE mapper PUBLIC "-//mybatis.org//DTD Mapper 3.0//EN"
"http://mybatis.org/dtd/mybatis-3-mapper.dtd">

<mapper namespace="org.llhbum.mapper.TipReplyMapper">
	
	<insert id="insert"> 
		insert into tip_board_reply (rno, bno, reply, replyer) 
		values (tip_board_reply_seq.nextval, #{bno}, #{reply}, #{replyer})
	</insert> 
	
	<select id="read" resultType="org.llhbum.domain.TipReplyVO">
		select * from tip_board_reply where rno = #{rno}
	</select>
	
	<delete id="delete">
		delete from tip_board_reply where rno = #{rno}
	</delete>
	
	<update id="update">
		update tip_board_reply set reply = #{reply}, updateDate = sysdate
		where rno = #{rno}
	</update>
	
	<!-- 
	<select id="getListwithPaging" resultType="org.llhbum.domain.ReplyVO">
	<![CDATA[
		select rno, bno, reply, replyer, replyDate, updateDate
		from 
		(
			select /* +INDEX(tbl_reply idx_reply) */
				rownum rn, rno, bno, reply, replyer, replyDate, updateDate
			from tbl_reply
			where bno = #{bno}
			and rno > 0
			and rownum <= #{cri.pageNum} * #{cri.amount}
		) where rn > (#{cri.pageNum} - 1) * #{cri.amount}
	]]>
	</select>
	 -->
	
	<select id="getListwithPaging" resultType="org.llhbum.domain.TipReplyVO">
  <![CDATA[
  select rno, bno, reply, replyer, replydate, updateDate
  from
    (
    select /*+INDEX(tip_board_reply idx_tip_board_reply) */
    rownum rn, rno, bno, reply, replyer, replyDate, updateDate
    from tip_board_reply
    where bno = #{bno}  
    and rno > 0
    and rownum <= #{cri.pageNum} * #{cri.amount}
    ) where rn > (#{cri.pageNum} - 1) * #{cri.amount}
 ]]>
 </select>
	
	<select id="getCountByBno" resultType="int">
		<![CDATA[
			select count(rno) from tip_board_reply where bno = #{bno}
		]]>
	</select>
	
	<delete id="replyDeleteAll">
		delete from tip_board_reply where bno = #{bno}
	</delete>
	
</mapper>  