<?xml version="1.0" encoding="UTF-8"?>
<!DOCTYPE mapper PUBLIC "-//mybatis.org//DTD Mapper 3.0//EN" "http://mybatis.org/dtd/mybatis-3-mapper.dtd">

<mapper namespace="org.zerock.mapper.BoardMapper">

    <sql id="criteria">
        <trim prefix="(" suffix=") AND " prefixOverrides="OR">
            <foreach item="type" collection="typeArr">
                <trim prefix="OR">
                    <choose>
                        <when test="type == 'T'.toString()">
                            title like '%'||#{keyword}||'%'
                        </when>
                        <when test="type == 'C'.toString()">
                            content like '%'||#{keyword}||'%'
                        </when>
                        <when test="type == 'W'.toString()">
                            writer like '%'||#{keyword}||'%'
                        </when>
                    </choose>
                </trim>
            </foreach>
        </trim>
    </sql>

    <select id="getList" resultType="org.zerock.domain.BoardVO">
        <![CDATA[
        SELECT * from tbl_board WHERE bno > 0
        ]]>
    </select>
	
	
	 <insert id="insert" parameterType="org.zerock.domain.BoardVO">
        INSERT INTO tbl_board (bno, title, content, writer, image_file)
        VALUES (seq_board.nextval, #{title}, #{content}, #{writer}, #{imgFilePath})
    </insert>
	
    <insert id="insertBoard" useGeneratedKeys="true" keyProperty="bno">
    <selectKey keyProperty="bno" order="BEFORE" resultType="long">
        SELECT seq_board.nextval FROM dual
    </selectKey>
    INSERT INTO tbl_board (bno, title, content, writer, image)
    VALUES (#{bno}, #{title}, #{content}, #{writer}, #{imgFilePath})
	</insert>

    <select id="read" resultType="org.zerock.domain.BoardVO">
        SELECT * from tbl_board where bno = #{bno}
    </select>

    <select id="getImage" resultType="byte[]">
        SELECT image FROM tbl_board WHERE bno = #{bno}
    </select>

    <select id="getImageFile" resultType="String">
        SELECT image FROM tbl_board WHERE bno = #{bno}
    </select>

    <delete id="delete">
        DELETE from tbl_board WHERE bno = #{bno}
    </delete>

    <update id="update">
        UPDATE tbl_board set title = #{title}, content = #{content}, writer = #{writer}, updatedate = sysdate WHERE bno = #{bno}
    </update>

    <select id="getListWithPaging" resultType="org.zerock.domain.BoardVO">
        <![CDATA[
        SELECT BNO, TITLE, CONTENT, WRITER, REGDATE, UPDATEDATE, replyCnt
        FROM (
            SELECT
            ROWNUM rn, bno, title, content, WRITER, REGDATE, UPDATEDATE, replyCnt
            from tbl_board
            WHERE
        ]]>

        <include refid="criteria"></include>

        <![CDATA[
            ROWNUM <= #{pageNum} * #{amount}
        )
        WHERE RN > (#{pageNum} - 1) * #{amount}
        ]]>
    </select>

    <select id="getTotalCount" resultType="int">
        SELECT COUNT(*) from tbl_board
        WHERE
        <include refid="criteria"></include>

        bno > 0
    </select>

    <update id="updateReplyCnt">
        update tbl_board set replycnt = replycnt + #{amount}
        WHERE bno = #{bno}
    </update>

</mapper>
