<?xml version="1.0" encoding="UTF-8"?>
<!DOCTYPE mapper PUBLIC "-//mybatis.org//DTD Mapper 3.0//EN" "http://mybatis.org/dtd/mybatis-3-mapper.dtd" >
<mapper namespace="org.zerock.mapper.BasketMapper">

	<select id="select" resultType="org.zerock.domain.BasketVO">
		select * from basket where p_buyer = #{p_buyer} order by pnum
	</select>

	<insert id="insert">
		insert into basket (pnum, pname, p_buyer, pamount,p_price) values (basket_seq.nextval,#{pname}, #{p_buyer}, #{pamount},#{p_price})
	</insert>
	
	<delete id="remove">
		delete from basket where p_buyer = #{id} and pnum = #{pnum}
	</delete>
	
	<insert id="order_insert">
		insert into basket_order (pno, pnum, pname, pamount, p_price, p_buyer) values 
    	(#{pno} || basket_order_seq.nextval, basket_order_seq.nextval, #{pname},#{pamount}, #{p_price}, #{p_buyer})
	</insert>
	<delete id="remove_basket">
		delete from basket where p_buyer = #{id}
	</delete>
	
</mapper>
