<?xml version="1.0" encoding="UTF-8"?>
<!DOCTYPE mapper PUBLIC "-//mybatis.org//DTD Mapper 3.0//EN" "http://mybatis.org/dtd/mybatis-3-mapper.dtd" >
<mapper namespace="org.zerock.mapper.MemberMapper">

	<select id="login" resultType="org.zerock.domain.MemberVO">
		select * from member where id = #{id} and password = #{password}
	</select>
	
	<insert id="register">
		insert into member values (#{id}, #{password}, #{name}, #{email}, #{birth}, #{address}, #{gender}, #{p_num})
	</insert>
	
	<select id="read" resultType="org.zerock.domain.MemberVO">
		select * from member where id = #{id}
	</select>
	
	<update id="update">
		update member set password = #{password}, name = #{name}, email = #{email}, birth = #{birth}, address = #{address}, gender = #{gender}, p_num = #{p_num} where id = #{id}
	</update>
	
	<delete id="remove">
		delete from member where id = #{id}
	</delete>
	
	<select id="findId" resultType="org.zerock.domain.MemberVO">
		select * from member where name = #{name} and email = #{email}
	</select>
	
	<select id="findPassword" resultType="org.zerock.domain.MemberVO">
		select * from member where id = #{id} and email = #{email}
	</select>
	
</mapper>
