<?xml version="1.0" encoding="UTF-8"?>
<!DOCTYPE mapper PUBLIC "-//mybatis.org//DTD Mapper 3.0//EN" "http://mybatis.org/dtd/mybatis-3-mapper.dtd" >
<mapper namespace="org.zerock.mapper.ProductMapper">

	<select id="select_mobile" resultType="org.zerock.domain.ProductVO">
		select * from product where category  = 'Mobile'
	</select>
	<select id="select_goods" resultType="org.zerock.domain.ProductVO">
		select * from product where category  = 'Goods'
	</select>
	<select id="select_cd" resultType="org.zerock.domain.ProductVO">
		select * from product where category  = 'CD'
	</select>
	<select id="select_console" resultType="org.zerock.domain.ProductVO">
		select * from product where category  = 'Console'
	</select>
	

</mapper>
